2|php
2|html
2|html5
2|css
2|webdesign
2|seo
2|java
2|javascript
3|Austin
3|TX
3|jobs
3|jobsearch
5|Sr
5|International
5|Seattle
5|jobs
6|AWS
6|lambda
7|aws
8|aws
14|aws
15|AWSCloud
15|COMMUNICATE_WELL
18|AWS
19|Cloud
19|AWS
21|cloud
21|AWS
23|engineering
23|hiring
23|docker
23|aws
23|nodejs
24|AWS
26|Python
26|GoLang
28|AWS
28|Cloud
29|job
29|hiring
31|AWS
31|Security
37|golang
39|OnThisDay
39|DECOPIC
40|whomadeyour2015
41|AWS
41|DevOps
41|Nashville
41|jobs
44|aws
44|s3
44|AngularJS
45|aws
50|AWS
50|Solution
50|Orlando
50|jobs
51|j
53|engineering
53|hiring
53|docker
53|aws
53|nodejs
54|aws
54|s3
54|AngularJS
58|datascience
58|bigdata
58|IoT
58|PMML
58|AWS
58|cloud
59|AWS
61|AWSLoft
61|TBT
61|IoT
61|NYE
65|python
69|jobs
69|jobsearch
71|Austin
71|devops
74|Linux
74|Systems
78|cloud
78|infosec
81|AWS
82|AWS
82|Python
83|AWS
83|cloud
85|AWS
86|Software
86|Developer
86|Bengaluru
86|AmazonIndia
86|job
87|JobPost
88|Senior
88|Software
89|System
89|Administrator
96|Linux
96|System
97|Senior
97|Devops
99|Support
99|Engineer
99|Herndon
99|jobs
100|BatmanAWS